{
    "accuracy": 0.8055358410220014,
    "f1": 0.6040462427745664,
    "roc_auc": 0.8418713994161565
}